1;overlay_bg_admin
2;overlay_bg
3;assets_admin
4;assets
6;BACKGROUND
7;CONTENT
9;BOUNDING_BOX
64;summaryScreen
92;splashScreen
171;managementScreen
173;loginScreen
198;detailsScreen
215;businessesScreen
237;businessCard
254;cursor
255;__Packages.com.rockstargames.gtav.levelDesign.BaseScriptUI
256;__Packages.com.rockstargames.ui.core.BaseScreenLayout
257;__Packages.com.rockstargames.ui.utils.DisplayConfig
258;__Packages.com.rockstargames.ui.game.GameInterface
259;__Packages.com.rockstargames.gtav.levelDesign.bikerBusinesses.Screen
260;__Packages.com.rockstargames.gtav.levelDesign.bikerBusinesses.Cursor
261;__Packages.com.rockstargames.gtav.levelDesign.bikerBusinesses.Rect
262;__Packages.com.rockstargames.ui.tweenStar.TweenStarLite
263;__Packages.com.rockstargames.ui.tweenStar.easing.Linear
264;__Packages.com.rockstargames.ui.tweenStar.easing.Quad
265;__Packages.com.rockstargames.ui.tweenStar.easing.Cubic
266;__Packages.com.rockstargames.ui.tweenStar.easing.Quart
267;__Packages.com.rockstargames.ui.tweenStar.easing.Sine
268;__Packages.com.rockstargames.ui.tweenStar.easing.Back
269;__Packages.com.rockstargames.ui.tweenStar.easing.Circ
270;__Packages.com.rockstargames.ui.tweenStar.Ease
271;__Packages.com.rockstargames.ui.tweenStar.TweenStarLiteRef
272;__Packages.com.rockstargames.gtav.levelDesign.bikerBusinesses.SplashScreen
273;__Packages.com.rockstargames.gtav.levelDesign.bikerBusinesses.Button
274;__Packages.com.rockstargames.gtav.levelDesign.bikerBusinesses.BusinessesScreen
275;__Packages.com.rockstargames.gtav.levelDesign.bikerBusinesses.Business
276;__Packages.com.rockstargames.gtav.levelDesign.bikerBusinesses.BusinessCard
277;__Packages.com.rockstargames.gtav.levelDesign.bikerBusinesses.Slideshow
278;__Packages.com.rockstargames.gtav.levelDesign.bikerBusinesses.ImageManager
279;__Packages.com.rockstargames.gtav.levelDesign.bikerBusinesses.SummaryScreen
280;__Packages.com.rockstargames.gtav.levelDesign.bikerBusinesses.DetailsScreen
281;__Packages.com.rockstargames.gtav.levelDesign.bikerBusinesses.Overlay
282;__Packages.com.rockstargames.gtav.levelDesign.bikerBusinesses.ManagementScreen
283;__Packages.com.rockstargames.gtav.levelDesign.bikerBusinesses.LoginScreen
284;__Packages.com.rockstargames.gtav.levelDesign.BIKER_BUSINESSES
1;overlay_bg_admin
2;overlay_bg
3;assets_admin
4;assets
6;BACKGROUND
7;CONTENT
9;BOUNDING_BOX
64;summaryScreen
92;splashScreen
171;managementScreen
173;loginScreen
198;detailsScreen
215;businessesScreen
237;businessCard
254;cursor
255;__Packages.com.rockstargames.gtav.levelDesign.BaseScriptUI
256;__Packages.com.rockstargames.ui.core.BaseScreenLayout
257;__Packages.com.rockstargames.ui.utils.DisplayConfig
258;__Packages.com.rockstargames.ui.game.GameInterface
259;__Packages.com.rockstargames.gtav.levelDesign.bikerBusinesses.Screen
260;__Packages.com.rockstargames.gtav.levelDesign.bikerBusinesses.Cursor
261;__Packages.com.rockstargames.gtav.levelDesign.bikerBusinesses.Rect
262;__Packages.com.rockstargames.ui.tweenStar.TweenStarLite
263;__Packages.com.rockstargames.ui.tweenStar.easing.Linear
264;__Packages.com.rockstargames.ui.tweenStar.easing.Quad
265;__Packages.com.rockstargames.ui.tweenStar.easing.Cubic
266;__Packages.com.rockstargames.ui.tweenStar.easing.Quart
267;__Packages.com.rockstargames.ui.tweenStar.easing.Sine
268;__Packages.com.rockstargames.ui.tweenStar.easing.Back
269;__Packages.com.rockstargames.ui.tweenStar.easing.Circ
270;__Packages.com.rockstargames.ui.tweenStar.Ease
271;__Packages.com.rockstargames.ui.tweenStar.TweenStarLiteRef
272;__Packages.com.rockstargames.gtav.levelDesign.bikerBusinesses.SplashScreen
273;__Packages.com.rockstargames.gtav.levelDesign.bikerBusinesses.Button
274;__Packages.com.rockstargames.gtav.levelDesign.bikerBusinesses.BusinessesScreen
275;__Packages.com.rockstargames.gtav.levelDesign.bikerBusinesses.Business
276;__Packages.com.rockstargames.gtav.levelDesign.bikerBusinesses.BusinessCard
277;__Packages.com.rockstargames.gtav.levelDesign.bikerBusinesses.Slideshow
278;__Packages.com.rockstargames.gtav.levelDesign.bikerBusinesses.ImageManager
279;__Packages.com.rockstargames.gtav.levelDesign.bikerBusinesses.SummaryScreen
280;__Packages.com.rockstargames.gtav.levelDesign.bikerBusinesses.DetailsScreen
281;__Packages.com.rockstargames.gtav.levelDesign.bikerBusinesses.Overlay
282;__Packages.com.rockstargames.gtav.levelDesign.bikerBusinesses.ManagementScreen
283;__Packages.com.rockstargames.gtav.levelDesign.bikerBusinesses.LoginScreen
284;__Packages.com.rockstargames.gtav.levelDesign.BIKER_BUSINESSES
