1;dynasty8_texture3
2;dynasty8_texture2
3;DYN_shadow
4;DYN_MAP_BIG_02
5;DYN_MAP_BIG_01
6;banner
12;Dynasty8ExecutiveBanner
14;BOUNDING_BOX
21;footerMC
26;button_invisible
30;GenericImageLoader
34;button_to_map
40;shadowMC
48;button_text_filter
54;button_size_filter
55;header_nav
66;button_get_directions
71;button_purchaseProperty
73;button_TEXT_to_map
96;button_get_directions narrow
106;button_purchaseProperty with options
111;button_interior_option
131;CONTENT
135;button_zoom_out
138;button_zoom_in
140;button_TEXT_center-aligned
142;button_purchase
150;button_propertyList
160;button_pin_property
165;button_pin_garage
170;button_map_move
171;propertyTextureMC
175;propertyListTextMC
177;propertyListHeader
181;propertyDLC
183;property_hitArea
185;pinReferenceMC
187;pinHitArea
189;nav_divider
191;mapMask
204;map
205;interiorTextureMC
207;InteriorImageLoader
210;buyMC
211;buttonContainerMC
212;button_mask
213;__Packages.com.rockstargames.ui.core.BaseWebsite
214;__Packages.com.rockstargames.gtav.web.WWW_DYNASTY8REALESTATE_COM
215;__Packages.com.rockstargames.ui.utils.DisplayConfig
216;__Packages.com.rockstargames.ui.utils.Localisation
217;__Packages.com.rockstargames.ui.game.GameInterface
218;__Packages.com.rockstargames.ui.tweenStar.TweenStarLite
219;__Packages.com.rockstargames.ui.tweenStar.easing.Linear
220;__Packages.com.rockstargames.ui.tweenStar.easing.Quad
221;__Packages.com.rockstargames.ui.tweenStar.easing.Cubic
222;__Packages.com.rockstargames.ui.tweenStar.easing.Quart
223;__Packages.com.rockstargames.ui.tweenStar.easing.Sine
224;__Packages.com.rockstargames.ui.tweenStar.easing.Back
225;__Packages.com.rockstargames.ui.tweenStar.easing.Circ
226;__Packages.com.rockstargames.ui.tweenStar.Ease
227;__Packages.com.rockstargames.ui.tweenStar.TweenStarLiteRef
228;__Packages.com.rockstargames.gtav.web.buttons.WebButton
229;__Packages.com.rockstargames.gtav.web.buttons.WebButtonWWW
230;__Packages.com.rockstargames.gtav.constants.WebBrowserButtonLUT
231;__Packages.com.rockstargames.gtav.web.buttons.WebButtonAnchor
232;__Packages.com.rockstargames.gtav.web.Dynasty8realestateImgLoader
233;__Packages.com.rockstargames.gtav.web.Dynasty8realestateMap
234;__Packages.com.rockstargames.gtav.web.Dynasty8realestateInteriorImgLoader
235;__Packages.com.rockstargames.gtav.web.Dynasty8realestateButtonContainer
1;dynasty8_texture3
2;dynasty8_texture2
3;DYN_shadow
4;DYN_MAP_BIG_02
5;DYN_MAP_BIG_01
6;banner
12;Dynasty8ExecutiveBanner
14;BOUNDING_BOX
21;footerMC
26;button_invisible
30;GenericImageLoader
34;button_to_map
40;shadowMC
48;button_text_filter
54;button_size_filter
55;header_nav
66;button_get_directions
71;button_purchaseProperty
73;button_TEXT_to_map
96;button_get_directions narrow
106;button_purchaseProperty with options
111;button_interior_option
131;CONTENT
135;button_zoom_out
138;button_zoom_in
140;button_TEXT_center-aligned
142;button_purchase
150;button_propertyList
160;button_pin_property
165;button_pin_garage
170;button_map_move
171;propertyTextureMC
175;propertyListTextMC
177;propertyListHeader
181;propertyDLC
183;property_hitArea
185;pinReferenceMC
187;pinHitArea
189;nav_divider
191;mapMask
204;map
205;interiorTextureMC
207;InteriorImageLoader
210;buyMC
211;buttonContainerMC
212;button_mask
213;__Packages.com.rockstargames.ui.core.BaseWebsite
214;__Packages.com.rockstargames.gtav.web.WWW_DYNASTY8REALESTATE_COM
215;__Packages.com.rockstargames.ui.utils.DisplayConfig
216;__Packages.com.rockstargames.ui.utils.Localisation
217;__Packages.com.rockstargames.ui.game.GameInterface
218;__Packages.com.rockstargames.ui.tweenStar.TweenStarLite
219;__Packages.com.rockstargames.ui.tweenStar.easing.Linear
220;__Packages.com.rockstargames.ui.tweenStar.easing.Quad
221;__Packages.com.rockstargames.ui.tweenStar.easing.Cubic
222;__Packages.com.rockstargames.ui.tweenStar.easing.Quart
223;__Packages.com.rockstargames.ui.tweenStar.easing.Sine
224;__Packages.com.rockstargames.ui.tweenStar.easing.Back
225;__Packages.com.rockstargames.ui.tweenStar.easing.Circ
226;__Packages.com.rockstargames.ui.tweenStar.Ease
227;__Packages.com.rockstargames.ui.tweenStar.TweenStarLiteRef
228;__Packages.com.rockstargames.gtav.web.buttons.WebButton
229;__Packages.com.rockstargames.gtav.web.buttons.WebButtonWWW
230;__Packages.com.rockstargames.gtav.constants.WebBrowserButtonLUT
231;__Packages.com.rockstargames.gtav.web.buttons.WebButtonAnchor
232;__Packages.com.rockstargames.gtav.web.Dynasty8realestateImgLoader
233;__Packages.com.rockstargames.gtav.web.Dynasty8realestateMap
234;__Packages.com.rockstargames.gtav.web.Dynasty8realestateInteriorImgLoader
235;__Packages.com.rockstargames.gtav.web.Dynasty8realestateButtonContainer
