1;elitas_texture_2
2;elitas_texture_1
3;elitas_pattern
5;BOUNDING_BOX
29;sortButton
33;dropDownHeader
38;homeButton
42;subHeader
55;colourButton
70;liveryButton
82;purchaseButton
94;purchaseButtonDoubleHeight
107;CONTENT
131;vehicleButton
133;dropDownItem
134;__Packages.com.rockstargames.ui.core.BaseWebsite
135;__Packages.com.rockstargames.gtav.web.vehicleSites.VehicleWebsite
136;__Packages.com.rockstargames.gtav.web.vehicleSites.DropDown
137;__Packages.com.rockstargames.ui.game.GameInterface
138;__Packages.com.rockstargames.ui.tweenStar.TweenStarLite
139;__Packages.com.rockstargames.ui.tweenStar.easing.Linear
140;__Packages.com.rockstargames.ui.tweenStar.easing.Quad
141;__Packages.com.rockstargames.ui.tweenStar.easing.Cubic
142;__Packages.com.rockstargames.ui.tweenStar.easing.Quart
143;__Packages.com.rockstargames.ui.tweenStar.easing.Sine
144;__Packages.com.rockstargames.ui.tweenStar.easing.Back
145;__Packages.com.rockstargames.ui.tweenStar.easing.Circ
146;__Packages.com.rockstargames.ui.tweenStar.Ease
147;__Packages.com.rockstargames.ui.tweenStar.TweenStarLiteRef
148;__Packages.com.rockstargames.ui.utils.Colour
149;__Packages.com.rockstargames.ui.utils.HudColourLite
150;__Packages.com.rockstargames.ui.utils.HudColour
151;__Packages.com.rockstargames.gtav.web.WWW_ELITASTRAVEL_COM
152;__Packages.com.rockstargames.gtav.web.buttons.WebButton
153;__Packages.com.rockstargames.gtav.web.buttons.WebButtonAnchor
154;__Packages.com.rockstargames.gtav.web.buttons.WebButtonWWW
155;__Packages.com.rockstargames.gtav.constants.WebBrowserButtonLUT
1;elitas_texture_2
2;elitas_texture_1
3;elitas_pattern
5;BOUNDING_BOX
29;sortButton
33;dropDownHeader
38;homeButton
42;subHeader
55;colourButton
70;liveryButton
82;purchaseButton
94;purchaseButtonDoubleHeight
107;CONTENT
131;vehicleButton
133;dropDownItem
134;__Packages.com.rockstargames.ui.core.BaseWebsite
135;__Packages.com.rockstargames.gtav.web.vehicleSites.VehicleWebsite
136;__Packages.com.rockstargames.gtav.web.vehicleSites.DropDown
137;__Packages.com.rockstargames.ui.game.GameInterface
138;__Packages.com.rockstargames.ui.tweenStar.TweenStarLite
139;__Packages.com.rockstargames.ui.tweenStar.easing.Linear
140;__Packages.com.rockstargames.ui.tweenStar.easing.Quad
141;__Packages.com.rockstargames.ui.tweenStar.easing.Cubic
142;__Packages.com.rockstargames.ui.tweenStar.easing.Quart
143;__Packages.com.rockstargames.ui.tweenStar.easing.Sine
144;__Packages.com.rockstargames.ui.tweenStar.easing.Back
145;__Packages.com.rockstargames.ui.tweenStar.easing.Circ
146;__Packages.com.rockstargames.ui.tweenStar.Ease
147;__Packages.com.rockstargames.ui.tweenStar.TweenStarLiteRef
148;__Packages.com.rockstargames.ui.utils.Colour
149;__Packages.com.rockstargames.ui.utils.HudColourLite
150;__Packages.com.rockstargames.ui.utils.HudColour
151;__Packages.com.rockstargames.gtav.web.WWW_ELITASTRAVEL_COM
152;__Packages.com.rockstargames.gtav.web.buttons.WebButton
153;__Packages.com.rockstargames.gtav.web.buttons.WebButtonAnchor
154;__Packages.com.rockstargames.gtav.web.buttons.WebButtonWWW
155;__Packages.com.rockstargames.gtav.constants.WebBrowserButtonLUT
