1;TEXTURE3
2;TEXTURE2
3;TEXTURE1
4;TEXTURE_map2
5;TEXTURE_map1
6;HeistBoard_chars_512
7;HeistBoard_chars
9;CM_HACKER_M_CHRIS
11;CM_HACKER_G_PAIGE
13;CM_HACKER_B_RICKIE_UNLOCK
15;CM_GUNMAN_M_HUGH
17;CM_GUNMAN_G_PACKIE_UNLOCK
19;CM_GUNMAN_G_KARL
21;CM_GUNMAN_G_GUSTAV
23;CM_GUNMAN_G_CHEF_UNLOCK
25;CM_GUNMAN_B_NORM
27;CM_GUNMAN_B_DARYL
29;CM_DRIVER_M_KARIM
31;CM_DRIVER_G_TALINA_UNLOCK
33;CM_DRIVER_G_EDDIE
49;paper
89;CONTENT
91;BOUNDING_BOX
96;todolistSelection
100;gameplaySelection
129;crewmemberSelection
130;__Packages.com.rockstargames.gtav.levelDesign.BaseScriptUI
131;__Packages.com.rockstargames.ui.components.IController
132;__Packages.com.rockstargames.ui.components.GUIController
133;__Packages.com.rockstargames.ui.components.GUIModel
134;__Packages.com.rockstargames.ui.components.GUIScroll
135;__Packages.com.rockstargames.ui.components.GUIView
136;__Packages.com.rockstargames.ui.components.GUIMenuItem
137;__Packages.com.rockstargames.ui.game.GamePadConstants
138;__Packages.com.rockstargames.gtav.levelDesign.heists.HeistControllerBase
139;__Packages.com.rockstargames.ui.utils.Debug
140;__Packages.com.rockstargames.ui.game.GameInterface
141;__Packages.com.rockstargames.gtav.levelDesign.heists.HeistView
142;__Packages.com.rockstargames.gtav.levelDesign.heists.HeistModel
143;__Packages.com.rockstargames.gtav.constants.HeistGameplayLUT
144;__Packages.com.rockstargames.ui.tweenStar.TweenStarLite
145;__Packages.com.rockstargames.ui.tweenStar.easing.Linear
146;__Packages.com.rockstargames.ui.tweenStar.easing.Quad
147;__Packages.com.rockstargames.ui.tweenStar.easing.Cubic
148;__Packages.com.rockstargames.ui.tweenStar.easing.Quart
149;__Packages.com.rockstargames.ui.tweenStar.easing.Sine
150;__Packages.com.rockstargames.ui.tweenStar.easing.Back
151;__Packages.com.rockstargames.ui.tweenStar.easing.Circ
152;__Packages.com.rockstargames.ui.tweenStar.Ease
153;__Packages.com.rockstargames.ui.tweenStar.TweenStarLiteRef
154;__Packages.com.rockstargames.gtav.levelDesign.heists.HEIST_PALETO
155;__Packages.mx.utils.Delegate
156;__Packages.com.rockstargames.gtav.levelDesign.heists.selectors.HeistBoardGamplaySelect
157;__Packages.com.rockstargames.gtav.levelDesign.heists.selectors.HeistBoardCrewMember
158;__Packages.com.rockstargames.gtav.constants.HeistCrewMemberLUT
159;__Packages.com.rockstargames.gtav.levelDesign.heists.selectors.HeistBoardTodoItem
1;TEXTURE3
2;TEXTURE2
3;TEXTURE1
4;TEXTURE_map2
5;TEXTURE_map1
6;HeistBoard_chars_512
7;HeistBoard_chars
9;CM_HACKER_M_CHRIS
11;CM_HACKER_G_PAIGE
13;CM_HACKER_B_RICKIE_UNLOCK
15;CM_GUNMAN_M_HUGH
17;CM_GUNMAN_G_PACKIE_UNLOCK
19;CM_GUNMAN_G_KARL
21;CM_GUNMAN_G_GUSTAV
23;CM_GUNMAN_G_CHEF_UNLOCK
25;CM_GUNMAN_B_NORM
27;CM_GUNMAN_B_DARYL
29;CM_DRIVER_M_KARIM
31;CM_DRIVER_G_TALINA_UNLOCK
33;CM_DRIVER_G_EDDIE
49;paper
89;CONTENT
91;BOUNDING_BOX
96;todolistSelection
100;gameplaySelection
129;crewmemberSelection
130;__Packages.com.rockstargames.gtav.levelDesign.BaseScriptUI
131;__Packages.com.rockstargames.ui.components.IController
132;__Packages.com.rockstargames.ui.components.GUIController
133;__Packages.com.rockstargames.ui.components.GUIModel
134;__Packages.com.rockstargames.ui.components.GUIScroll
135;__Packages.com.rockstargames.ui.components.GUIView
136;__Packages.com.rockstargames.ui.components.GUIMenuItem
137;__Packages.com.rockstargames.ui.game.GamePadConstants
138;__Packages.com.rockstargames.gtav.levelDesign.heists.HeistControllerBase
139;__Packages.com.rockstargames.ui.utils.Debug
140;__Packages.com.rockstargames.ui.game.GameInterface
141;__Packages.com.rockstargames.gtav.levelDesign.heists.HeistView
142;__Packages.com.rockstargames.gtav.levelDesign.heists.HeistModel
143;__Packages.com.rockstargames.gtav.constants.HeistGameplayLUT
144;__Packages.com.rockstargames.ui.tweenStar.TweenStarLite
145;__Packages.com.rockstargames.ui.tweenStar.easing.Linear
146;__Packages.com.rockstargames.ui.tweenStar.easing.Quad
147;__Packages.com.rockstargames.ui.tweenStar.easing.Cubic
148;__Packages.com.rockstargames.ui.tweenStar.easing.Quart
149;__Packages.com.rockstargames.ui.tweenStar.easing.Sine
150;__Packages.com.rockstargames.ui.tweenStar.easing.Back
151;__Packages.com.rockstargames.ui.tweenStar.easing.Circ
152;__Packages.com.rockstargames.ui.tweenStar.Ease
153;__Packages.com.rockstargames.ui.tweenStar.TweenStarLiteRef
154;__Packages.com.rockstargames.gtav.levelDesign.heists.HEIST_PALETO
155;__Packages.mx.utils.Delegate
156;__Packages.com.rockstargames.gtav.levelDesign.heists.selectors.HeistBoardGamplaySelect
157;__Packages.com.rockstargames.gtav.levelDesign.heists.selectors.HeistBoardCrewMember
158;__Packages.com.rockstargames.gtav.constants.HeistCrewMemberLUT
159;__Packages.com.rockstargames.gtav.levelDesign.heists.selectors.HeistBoardTodoItem
