1;VotingThumb
5;RockstarVerified
7;CIRCLE
15;infoPanel
35;CONTENT
36;BOUNDING_BOX
38;__Packages.com.rockstargames.gtav.levelDesign.BaseScriptUI
39;__Packages.com.rockstargames.gtav.Multiplayer.MP_MISSION_NAME_FREEMODE
40;__Packages.com.rockstargames.ui.utils.Colour
41;__Packages.com.rockstargames.ui.utils.HudColourLite
42;__Packages.com.rockstargames.ui.utils.HudColour
43;__Packages.com.rockstargames.ui.game.GameInterface
1;VotingThumb
5;RockstarVerified
7;CIRCLE
15;infoPanel
35;CONTENT
36;BOUNDING_BOX
38;__Packages.com.rockstargames.gtav.levelDesign.BaseScriptUI
39;__Packages.com.rockstargames.gtav.Multiplayer.MP_MISSION_NAME_FREEMODE
40;__Packages.com.rockstargames.ui.utils.Colour
41;__Packages.com.rockstargames.ui.utils.HudColourLite
42;__Packages.com.rockstargames.ui.utils.HudColour
43;__Packages.com.rockstargames.ui.game.GameInterface
