1;DAMAGE
2;AllCharacters
4;multiplayerTXDmc
7;mp
49;hotswapchar
52;display
53;CONTENT
55;BOUNDING_BOX
56;__Packages.com.rockstargames.ui.core.BaseScriptUI
57;__Packages.com.rockstargames.gtav.levelDesign.PLAYER_SWITCH
58;__Packages.com.rockstargames.gtav.levelDesign.PlayerSwitchChar
59;__Packages.com.rockstargames.ui.utils.HudColourLite
60;__Packages.com.rockstargames.ui.utils.HudColour
61;__Packages.com.rockstargames.ui.utils.Colour
62;__Packages.com.rockstargames.ui.game.GameInterface
63;__Packages.com.rockstargames.ui.utils.Debug
64;__Packages.com.rockstargames.ui.tweenStar.TweenStarLite
65;__Packages.com.rockstargames.ui.tweenStar.easing.Linear
66;__Packages.com.rockstargames.ui.tweenStar.easing.Quad
67;__Packages.com.rockstargames.ui.tweenStar.easing.Cubic
68;__Packages.com.rockstargames.ui.tweenStar.easing.Quart
69;__Packages.com.rockstargames.ui.tweenStar.easing.Sine
70;__Packages.com.rockstargames.ui.tweenStar.easing.Back
71;__Packages.com.rockstargames.ui.tweenStar.easing.Circ
72;__Packages.com.rockstargames.ui.tweenStar.Ease
73;__Packages.com.rockstargames.ui.tweenStar.TweenStarLiteRef
74;__Packages.com.rockstargames.gtav.utils.GTAVUIConfig
75;__Packages.com.rockstargames.ui.media.ImageLoaderMC
1;DAMAGE
2;AllCharacters
4;multiplayerTXDmc
7;mp
49;hotswapchar
52;display
53;CONTENT
55;BOUNDING_BOX
56;__Packages.com.rockstargames.ui.core.BaseScriptUI
57;__Packages.com.rockstargames.gtav.levelDesign.PLAYER_SWITCH
58;__Packages.com.rockstargames.gtav.levelDesign.PlayerSwitchChar
59;__Packages.com.rockstargames.ui.utils.HudColourLite
60;__Packages.com.rockstargames.ui.utils.HudColour
61;__Packages.com.rockstargames.ui.utils.Colour
62;__Packages.com.rockstargames.ui.game.GameInterface
63;__Packages.com.rockstargames.ui.utils.Debug
64;__Packages.com.rockstargames.ui.tweenStar.TweenStarLite
65;__Packages.com.rockstargames.ui.tweenStar.easing.Linear
66;__Packages.com.rockstargames.ui.tweenStar.easing.Quad
67;__Packages.com.rockstargames.ui.tweenStar.easing.Cubic
68;__Packages.com.rockstargames.ui.tweenStar.easing.Quart
69;__Packages.com.rockstargames.ui.tweenStar.easing.Sine
70;__Packages.com.rockstargames.ui.tweenStar.easing.Back
71;__Packages.com.rockstargames.ui.tweenStar.easing.Circ
72;__Packages.com.rockstargames.ui.tweenStar.Ease
73;__Packages.com.rockstargames.ui.tweenStar.TweenStarLiteRef
74;__Packages.com.rockstargames.gtav.utils.GTAVUIConfig
75;__Packages.com.rockstargames.ui.media.ImageLoaderMC
