2;MEMORY_CARD_CLOUD
11;CONTENT
13;BOUNDING_BOX
17;shutterSlideMC
18;__Packages.com.rockstargames.ui.core.BaseScriptUI
19;__Packages.com.rockstargames.gtav.cellphone.CAMERA_GALLERY
20;__Packages.com.rockstargames.ui.utils.DisplayConfig
21;__Packages.com.rockstargames.ui.game.GameInterface
2;MEMORY_CARD_CLOUD
11;CONTENT
13;BOUNDING_BOX
17;shutterSlideMC
18;__Packages.com.rockstargames.ui.core.BaseScriptUI
19;__Packages.com.rockstargames.gtav.cellphone.CAMERA_GALLERY
20;__Packages.com.rockstargames.ui.utils.DisplayConfig
21;__Packages.com.rockstargames.ui.game.GameInterface
