1;hackingdevice
2;hackconnect
3;harddrive
4;hand
5;gradient_black
6;desktopWallpaper
7;globe2
8;network
9;bruteforce
10;DownAndOut
11;connectinghost
12;bruteforceTitle
13;arrow
14;Antivirus_bar_dropshadow
15;Antivirus_bar_bg
16;Antivirus_bar
21;mousecursor
39;desktopicon
44;CONTENT
46;BOUNDING_BOX
48;output
69;loadingHacking
83;hacking
108;appHacking02
110;gridnum
116;appHacking01
117;__Packages.com.rockstargames.gtav.levelDesign.BaseScriptUI
118;__Packages.com.rockstargames.ui.core.BaseScreenLayout
119;__Packages.com.rockstargames.ui.utils.DisplayConfig
120;__Packages.com.rockstargames.ui.game.GameInterface
121;__Packages.com.rockstargames.gtav.pc.HACKING_PC
122;__Packages.com.rockstargames.gtav.pc.MousePointer
123;__Packages.com.rockstargames.gtav.pc.PCButtonBase
124;__Packages.com.rockstargames.gtav.pc.applications.App_Base
125;__Packages.com.rockstargames.gtav.pc.DESKTOP_PC
126;__Packages.com.rockstargames.gtav.pc.applications.App_Antivirus
127;__Packages.com.rockstargames.gtav.constants.PCAppLUT
128;__Packages.com.rockstargames.ui.utils.Localisation
129;__Packages.com.rockstargames.gtav.pc.applications.App_Popups
130;__Packages.com.rockstargames.gtav.pc.popups.Popup_Base
131;__Packages.com.rockstargames.ui.tweenStar.TweenStarLite
132;__Packages.com.rockstargames.ui.tweenStar.easing.Linear
133;__Packages.com.rockstargames.ui.tweenStar.easing.Quad
134;__Packages.com.rockstargames.ui.tweenStar.easing.Cubic
135;__Packages.com.rockstargames.ui.tweenStar.easing.Quart
136;__Packages.com.rockstargames.ui.tweenStar.easing.Sine
137;__Packages.com.rockstargames.ui.tweenStar.easing.Back
138;__Packages.com.rockstargames.ui.tweenStar.easing.Circ
139;__Packages.com.rockstargames.ui.tweenStar.Ease
140;__Packages.com.rockstargames.ui.tweenStar.TweenStarLiteRef
141;__Packages.com.rockstargames.gtav.pc.applications.App_Sub
142;__Packages.com.rockstargames.ui.game.GamePadConstants
143;__Packages.com.rockstargames.gtav.pc.DesktopIcon
144;__Packages.com.rockstargames.ui.game.GameCom
145;__Packages.com.rockstargames.gtav.pc.SUB_PC
146;__Packages.com.rockstargames.gtav.pc.applications.hacking.BaseHacking
147;__Packages.com.rockstargames.gtav.pc.applications.App_Hacking
148;__Packages.com.rockstargames.gtav.pc.applications.hacking.ConnectHostApp
149;__Packages.com.rockstargames.ui.utils.Colour
150;__Packages.com.rockstargames.ui.utils.HudColourLite
151;__Packages.com.rockstargames.ui.utils.HudColour
152;__Packages.com.rockstargames.gtav.pc.applications.hacking.BruteForceApp
153;__Packages.com.rockstargames.gtav.pc.applications.hacking.BFColumn
1;hackingdevice
2;hackconnect
3;harddrive
4;hand
5;gradient_black
6;desktopWallpaper
7;globe2
8;network
9;bruteforce
10;DownAndOut
11;connectinghost
12;bruteforceTitle
13;arrow
14;Antivirus_bar_dropshadow
15;Antivirus_bar_bg
16;Antivirus_bar
21;mousecursor
39;desktopicon
44;CONTENT
46;BOUNDING_BOX
48;output
69;loadingHacking
83;hacking
108;appHacking02
110;gridnum
116;appHacking01
117;__Packages.com.rockstargames.gtav.levelDesign.BaseScriptUI
118;__Packages.com.rockstargames.ui.core.BaseScreenLayout
119;__Packages.com.rockstargames.ui.utils.DisplayConfig
120;__Packages.com.rockstargames.ui.game.GameInterface
121;__Packages.com.rockstargames.gtav.pc.HACKING_PC
122;__Packages.com.rockstargames.gtav.pc.MousePointer
123;__Packages.com.rockstargames.gtav.pc.PCButtonBase
124;__Packages.com.rockstargames.gtav.pc.applications.App_Base
125;__Packages.com.rockstargames.gtav.pc.DESKTOP_PC
126;__Packages.com.rockstargames.gtav.pc.applications.App_Antivirus
127;__Packages.com.rockstargames.gtav.constants.PCAppLUT
128;__Packages.com.rockstargames.ui.utils.Localisation
129;__Packages.com.rockstargames.gtav.pc.applications.App_Popups
130;__Packages.com.rockstargames.gtav.pc.popups.Popup_Base
131;__Packages.com.rockstargames.ui.tweenStar.TweenStarLite
132;__Packages.com.rockstargames.ui.tweenStar.easing.Linear
133;__Packages.com.rockstargames.ui.tweenStar.easing.Quad
134;__Packages.com.rockstargames.ui.tweenStar.easing.Cubic
135;__Packages.com.rockstargames.ui.tweenStar.easing.Quart
136;__Packages.com.rockstargames.ui.tweenStar.easing.Sine
137;__Packages.com.rockstargames.ui.tweenStar.easing.Back
138;__Packages.com.rockstargames.ui.tweenStar.easing.Circ
139;__Packages.com.rockstargames.ui.tweenStar.Ease
140;__Packages.com.rockstargames.ui.tweenStar.TweenStarLiteRef
141;__Packages.com.rockstargames.gtav.pc.applications.App_Sub
142;__Packages.com.rockstargames.ui.game.GamePadConstants
143;__Packages.com.rockstargames.gtav.pc.DesktopIcon
144;__Packages.com.rockstargames.ui.game.GameCom
145;__Packages.com.rockstargames.gtav.pc.SUB_PC
146;__Packages.com.rockstargames.gtav.pc.applications.hacking.BaseHacking
147;__Packages.com.rockstargames.gtav.pc.applications.App_Hacking
148;__Packages.com.rockstargames.gtav.pc.applications.hacking.ConnectHostApp
149;__Packages.com.rockstargames.ui.utils.Colour
150;__Packages.com.rockstargames.ui.utils.HudColourLite
151;__Packages.com.rockstargames.ui.utils.HudColour
152;__Packages.com.rockstargames.gtav.pc.applications.hacking.BruteForceApp
153;__Packages.com.rockstargames.gtav.pc.applications.hacking.BFColumn
