2;rectangle
5;Slot
10;CONTENT
12;BOUNDING_BOX
13;__Packages.com.rockstargames.gtav.levelDesign.BaseScriptUI
14;__Packages.com.rockstargames.ui.core.BaseScreenLayout
15;__Packages.com.rockstargames.ui.utils.DisplayConfig
16;__Packages.com.rockstargames.ui.game.GameInterface
17;__Packages.com.rockstargames.gtav.Multiplayer.MP_RESULTS_PANEL
18;__Packages.com.rockstargames.ui.utils.BitMonger
19;__Packages.com.rockstargames.ui.utils.HudColour
20;__Packages.com.rockstargames.ui.utils.Colour
2;rectangle
5;Slot
10;CONTENT
12;BOUNDING_BOX
13;__Packages.com.rockstargames.gtav.levelDesign.BaseScriptUI
14;__Packages.com.rockstargames.ui.core.BaseScreenLayout
15;__Packages.com.rockstargames.ui.utils.DisplayConfig
16;__Packages.com.rockstargames.ui.game.GameInterface
17;__Packages.com.rockstargames.gtav.Multiplayer.MP_RESULTS_PANEL
18;__Packages.com.rockstargames.ui.utils.BitMonger
19;__Packages.com.rockstargames.ui.utils.HudColour
20;__Packages.com.rockstargames.ui.utils.Colour
