3;IMPORTS
5;STATS_CREW_HEAD_TO_HEAD
7;STATS_CREW_CHALLENGES
9;KILL_DEATH_RATIO
11;SHOOTING
13;crewEmblemImage
15;STATS_CREW_MEMBERS
17;DEATHMATCH
19;RACE
20;__Packages.com.rockstargames.gtav.pauseMenuPages.PAUSE_MENU_PAGES_CORONA_PLAYERS
21;__Packages.com.rockstargames.ui.components.IController
22;__Packages.com.rockstargames.ui.components.GUIScroll
23;__Packages.com.rockstargames.ui.utils.HudColourLite
24;__Packages.mx.utils.Delegate
3;IMPORTS
5;STATS_CREW_HEAD_TO_HEAD
7;STATS_CREW_CHALLENGES
9;KILL_DEATH_RATIO
11;SHOOTING
13;crewEmblemImage
15;STATS_CREW_MEMBERS
17;DEATHMATCH
19;RACE
20;__Packages.com.rockstargames.gtav.pauseMenuPages.PAUSE_MENU_PAGES_CORONA_PLAYERS
21;__Packages.com.rockstargames.ui.components.IController
22;__Packages.com.rockstargames.ui.components.GUIScroll
23;__Packages.com.rockstargames.ui.utils.HudColourLite
24;__Packages.mx.utils.Delegate
