1;shim
2;GameType_Icons
22;CONTENT
24;BOUNDING_BOX
26;-1635214638
28;-2006837758
30;RACE_AIR
32;RACE_WATER
34;RACE_BICYCLE
36;RACE_FOOT
38;RACE_LAND
40;VEHICLE_DEATHMATCH
42;BASE_JUMPING
44;GANG_ATTACK
46;TEAM_DEATHMATCH
48;SURVIVAL
50;RACE
52;DEATHMATCH
54;CUSTOM_MISSION
61;mpMMCardTitle
62;avatarImage
105;playerListItem
107;__Packages.com.rockstargames.gtav.levelDesign.BaseScriptUI
108;__Packages.com.rockstargames.ui.components.IController
109;__Packages.com.rockstargames.ui.components.GUIController
110;__Packages.com.rockstargames.ui.components.GUIModel
111;__Packages.com.rockstargames.ui.components.GUIScroll
112;__Packages.com.rockstargames.ui.components.GUIView
113;__Packages.com.rockstargames.ui.components.GUIMenuItem
114;__Packages.com.rockstargames.ui.game.GamePadConstants
115;__Packages.com.rockstargames.gtav.pauseMenu.pauseComponents.PauseMenuComponentBase
116;__Packages.com.rockstargames.gtav.pauseMenu.pauseMenuItems.PauseMenuBaseItem
117;__Packages.com.rockstargames.ui.utils.UIText
118;__Packages.com.rockstargames.ui.utils.HudColourLite
119;__Packages.com.rockstargames.ui.utils.HudColour
120;__Packages.com.rockstargames.ui.utils.Colour
121;__Packages.com.rockstargames.ui.game.GameInterface
122;__Packages.mx.utils.Delegate
123;__Packages.com.rockstargames.gtav.pauseMenu.pauseMenuItems.singleplayer.PauseMenuTitleItem
124;__Packages.com.rockstargames.gtav.pauseMenu.pauseComponents.PM_ScrollBase
125;__Packages.com.rockstargames.ui.utils.Text
126;__Packages.com.rockstargames.ui.utils.Debug
127;__Packages.com.rockstargames.gtav.Multiplayer.MP_FREEMODE_PLAYER_LIST
128;__Packages.com.rockstargames.gtav.Multiplayer.MPFreemodePlayerListModel
129;__Packages.com.rockstargames.gtav.pauseMenu.pauseMenuItems.PauseMenuViewBase
130;__Packages.com.rockstargames.gtav.Multiplayer.MPFreemodePlayerListView
131;__Packages.com.rockstargames.gtav.Multiplayer.items.MPFreemodePlayerListItem
132;__Packages.com.rockstargames.ui.media.ImageLoaderMC
133;__Packages.com.rockstargames.gtav.constants.MPIconLabels
134;__Packages.com.rockstargames.gtav.utils.GTAVUIUtils
135;__Packages.com.rockstargames.gtav.utils.GTAVUIConfig
136;__Packages.com.rockstargames.ui.tweenStar.TweenStarLite
137;__Packages.com.rockstargames.ui.tweenStar.easing.Linear
138;__Packages.com.rockstargames.ui.tweenStar.easing.Quad
139;__Packages.com.rockstargames.ui.tweenStar.easing.Cubic
140;__Packages.com.rockstargames.ui.tweenStar.easing.Quart
141;__Packages.com.rockstargames.ui.tweenStar.easing.Sine
142;__Packages.com.rockstargames.ui.tweenStar.easing.Back
143;__Packages.com.rockstargames.ui.tweenStar.easing.Circ
144;__Packages.com.rockstargames.ui.tweenStar.Ease
145;__Packages.com.rockstargames.ui.tweenStar.TweenStarLiteRef
146;__Packages.com.rockstargames.ui.utils.Localisation
1;shim
2;GameType_Icons
22;CONTENT
24;BOUNDING_BOX
26;-1635214638
28;-2006837758
30;RACE_AIR
32;RACE_WATER
34;RACE_BICYCLE
36;RACE_FOOT
38;RACE_LAND
40;VEHICLE_DEATHMATCH
42;BASE_JUMPING
44;GANG_ATTACK
46;TEAM_DEATHMATCH
48;SURVIVAL
50;RACE
52;DEATHMATCH
54;CUSTOM_MISSION
61;mpMMCardTitle
62;avatarImage
105;playerListItem
107;__Packages.com.rockstargames.gtav.levelDesign.BaseScriptUI
108;__Packages.com.rockstargames.ui.components.IController
109;__Packages.com.rockstargames.ui.components.GUIController
110;__Packages.com.rockstargames.ui.components.GUIModel
111;__Packages.com.rockstargames.ui.components.GUIScroll
112;__Packages.com.rockstargames.ui.components.GUIView
113;__Packages.com.rockstargames.ui.components.GUIMenuItem
114;__Packages.com.rockstargames.ui.game.GamePadConstants
115;__Packages.com.rockstargames.gtav.pauseMenu.pauseComponents.PauseMenuComponentBase
116;__Packages.com.rockstargames.gtav.pauseMenu.pauseMenuItems.PauseMenuBaseItem
117;__Packages.com.rockstargames.ui.utils.UIText
118;__Packages.com.rockstargames.ui.utils.HudColourLite
119;__Packages.com.rockstargames.ui.utils.HudColour
120;__Packages.com.rockstargames.ui.utils.Colour
121;__Packages.com.rockstargames.ui.game.GameInterface
122;__Packages.mx.utils.Delegate
123;__Packages.com.rockstargames.gtav.pauseMenu.pauseMenuItems.singleplayer.PauseMenuTitleItem
124;__Packages.com.rockstargames.gtav.pauseMenu.pauseComponents.PM_ScrollBase
125;__Packages.com.rockstargames.ui.utils.Text
126;__Packages.com.rockstargames.ui.utils.Debug
127;__Packages.com.rockstargames.gtav.Multiplayer.MP_FREEMODE_PLAYER_LIST
128;__Packages.com.rockstargames.gtav.Multiplayer.MPFreemodePlayerListModel
129;__Packages.com.rockstargames.gtav.pauseMenu.pauseMenuItems.PauseMenuViewBase
130;__Packages.com.rockstargames.gtav.Multiplayer.MPFreemodePlayerListView
131;__Packages.com.rockstargames.gtav.Multiplayer.items.MPFreemodePlayerListItem
132;__Packages.com.rockstargames.ui.media.ImageLoaderMC
133;__Packages.com.rockstargames.gtav.constants.MPIconLabels
134;__Packages.com.rockstargames.gtav.utils.GTAVUIUtils
135;__Packages.com.rockstargames.gtav.utils.GTAVUIConfig
136;__Packages.com.rockstargames.ui.tweenStar.TweenStarLite
137;__Packages.com.rockstargames.ui.tweenStar.easing.Linear
138;__Packages.com.rockstargames.ui.tweenStar.easing.Quad
139;__Packages.com.rockstargames.ui.tweenStar.easing.Cubic
140;__Packages.com.rockstargames.ui.tweenStar.easing.Quart
141;__Packages.com.rockstargames.ui.tweenStar.easing.Sine
142;__Packages.com.rockstargames.ui.tweenStar.easing.Back
143;__Packages.com.rockstargames.ui.tweenStar.easing.Circ
144;__Packages.com.rockstargames.ui.tweenStar.Ease
145;__Packages.com.rockstargames.ui.tweenStar.TweenStarLiteRef
146;__Packages.com.rockstargames.ui.utils.Localisation
