1;splash
2;map-tile-4
3;map-tile-3
4;map-tile-2
5;map-tile-1
6;map-small
7;image-reveal
8;header
9;garages
10;dot-grain
13;BOUNDING_BOX
14;CONTENT
33;optionButton
34;vaultPage
36;underConstructionPage
41;smallGreenButton
118;summaryPage
136;styleButton
138;stylePage
143;largeYellowButton
144;splashPage
149;colourButton
155;arrowButton
158;signageButton
159;signagePage
162;purchasePage
166;personnelButton
171;personnelPage
175;largeGreyGreenButton
180;modShopButton
191;garageUnequipButton
192;modShopPage
203;officeMarker
205;mapPage
207;maintenancPage
209;gunLockerPage
214;styleButton2
219;lightingButton
224;numberButton
237;tabButton
239;garagePage
241;bedPage
245;websiteHeader
248;dropDownItem
251;dropDownHeader
253;progressPanelStepButton
255;largeGreenButton
304;progressPanel
314;garageMarker
315;__Packages.com.rockstargames.ui.core.BaseWebsite
316;__Packages.com.rockstargames.gtav.web.dynasty8ExecutiveRealty.Page
317;__Packages.com.rockstargames.gtav.web.dynasty8ExecutiveRealty.ProgressPanel
318;__Packages.com.rockstargames.gtav.web.dynasty8ExecutiveRealty.Office
319;__Packages.com.rockstargames.ui.utils.Debug
320;__Packages.com.rockstargames.ui.game.GameInterface
321;__Packages.com.rockstargames.ui.utils.DisplayConfig
322;__Packages.com.rockstargames.ui.tweenStar.TweenStarLite
323;__Packages.com.rockstargames.ui.tweenStar.easing.Linear
324;__Packages.com.rockstargames.ui.tweenStar.easing.Quad
325;__Packages.com.rockstargames.ui.tweenStar.easing.Cubic
326;__Packages.com.rockstargames.ui.tweenStar.easing.Quart
327;__Packages.com.rockstargames.ui.tweenStar.easing.Sine
328;__Packages.com.rockstargames.ui.tweenStar.easing.Back
329;__Packages.com.rockstargames.ui.tweenStar.easing.Circ
330;__Packages.com.rockstargames.ui.tweenStar.Ease
331;__Packages.com.rockstargames.ui.tweenStar.TweenStarLiteRef
332;__Packages.com.rockstargames.gtav.web.dynasty8ExecutiveRealty.SplashPage
333;__Packages.com.rockstargames.gtav.web.dynasty8ExecutiveRealty.MapPage
334;__Packages.com.rockstargames.gtav.web.dynasty8ExecutiveRealty.StylePage
335;__Packages.com.rockstargames.gtav.web.dynasty8ExecutiveRealty.Slideshow
336;__Packages.com.rockstargames.gtav.web.dynasty8ExecutiveRealty.ImageManager
337;__Packages.com.rockstargames.gtav.web.dynasty8ExecutiveRealty.PersonnelPage
338;__Packages.com.rockstargames.gtav.web.dynasty8ExecutiveRealty.SignagePage
339;__Packages.com.rockstargames.ui.utils.HudColourLite
340;__Packages.com.rockstargames.ui.utils.HudColour
341;__Packages.com.rockstargames.gtav.web.dynasty8ExecutiveRealty.OrganisationNameColour
342;__Packages.com.rockstargames.ui.utils.Colour
343;__Packages.com.rockstargames.gtav.web.dynasty8ExecutiveRealty.GunLockerPage
344;__Packages.com.rockstargames.gtav.web.dynasty8ExecutiveRealty.VaultPage
345;__Packages.com.rockstargames.gtav.web.dynasty8ExecutiveRealty.BedPage
346;__Packages.com.rockstargames.gtav.web.dynasty8ExecutiveRealty.SummaryPage
347;__Packages.com.rockstargames.gtav.web.dynasty8ExecutiveRealty.PurchasePage
348;__Packages.com.rockstargames.gtav.web.dynasty8ExecutiveRealty.UnderConstructionPage
349;__Packages.com.rockstargames.gtav.web.dynasty8ExecutiveRealty.GaragePage
350;__Packages.com.rockstargames.gtav.web.dynasty8ExecutiveRealty.Garage1Page
351;__Packages.com.rockstargames.gtav.web.dynasty8ExecutiveRealty.Garage2Page
352;__Packages.com.rockstargames.gtav.web.dynasty8ExecutiveRealty.Garage3Page
353;__Packages.com.rockstargames.gtav.web.dynasty8ExecutiveRealty.ModShopPage
354;__Packages.com.rockstargames.gtav.web.WWW_DYNASTY8EXECUTIVEREALTY_COM
355;__Packages.com.rockstargames.gtav.levelDesign.BaseScriptUI
356;__Packages.com.rockstargames.gtav.web.WEB_BROWSER_PARENT
357;__Packages.com.rockstargames.ui.core.BrowserUIComponent
358;__Packages.com.rockstargames.gtav.web.BrowserKeyboard
359;__Packages.com.rockstargames.gtav.web.buttons.ButtonManager
360;__Packages.com.rockstargames.gtav.web.WEB_BROWSER
361;__Packages.com.rockstargames.gtav.web.DynamicSiteContants
362;__Packages.com.rockstargames.ui.utils.FitToTextfield
363;__Packages.com.rockstargames.gtav.constants.WebBrowserButtonLUT
364;__Packages.com.rockstargames.gtav.web.buttons.WebButton
365;__Packages.com.rockstargames.gtav.web.buttons.WebBrowserListItem
366;__Packages.com.rockstargames.ui.game.GameGlobals
367;__Packages.com.rockstargames.gtav.web.buttons.WebButtonAnchor
368;__Packages.com.rockstargames.gtav.web.buttons.WebButtonWWW
1;splash
2;map-tile-4
3;map-tile-3
4;map-tile-2
5;map-tile-1
6;map-small
7;image-reveal
8;header
9;garages
10;dot-grain
13;BOUNDING_BOX
14;CONTENT
33;optionButton
34;vaultPage
36;underConstructionPage
41;smallGreenButton
118;summaryPage
136;styleButton
138;stylePage
143;largeYellowButton
144;splashPage
149;colourButton
155;arrowButton
158;signageButton
159;signagePage
162;purchasePage
166;personnelButton
171;personnelPage
175;largeGreyGreenButton
180;modShopButton
191;garageUnequipButton
192;modShopPage
203;officeMarker
205;mapPage
207;maintenancPage
209;gunLockerPage
214;styleButton2
219;lightingButton
224;numberButton
237;tabButton
239;garagePage
241;bedPage
245;websiteHeader
248;dropDownItem
251;dropDownHeader
253;progressPanelStepButton
255;largeGreenButton
304;progressPanel
314;garageMarker
315;__Packages.com.rockstargames.ui.core.BaseWebsite
316;__Packages.com.rockstargames.gtav.web.dynasty8ExecutiveRealty.Page
317;__Packages.com.rockstargames.gtav.web.dynasty8ExecutiveRealty.ProgressPanel
318;__Packages.com.rockstargames.gtav.web.dynasty8ExecutiveRealty.Office
319;__Packages.com.rockstargames.ui.utils.Debug
320;__Packages.com.rockstargames.ui.game.GameInterface
321;__Packages.com.rockstargames.ui.utils.DisplayConfig
322;__Packages.com.rockstargames.ui.tweenStar.TweenStarLite
323;__Packages.com.rockstargames.ui.tweenStar.easing.Linear
324;__Packages.com.rockstargames.ui.tweenStar.easing.Quad
325;__Packages.com.rockstargames.ui.tweenStar.easing.Cubic
326;__Packages.com.rockstargames.ui.tweenStar.easing.Quart
327;__Packages.com.rockstargames.ui.tweenStar.easing.Sine
328;__Packages.com.rockstargames.ui.tweenStar.easing.Back
329;__Packages.com.rockstargames.ui.tweenStar.easing.Circ
330;__Packages.com.rockstargames.ui.tweenStar.Ease
331;__Packages.com.rockstargames.ui.tweenStar.TweenStarLiteRef
332;__Packages.com.rockstargames.gtav.web.dynasty8ExecutiveRealty.SplashPage
333;__Packages.com.rockstargames.gtav.web.dynasty8ExecutiveRealty.MapPage
334;__Packages.com.rockstargames.gtav.web.dynasty8ExecutiveRealty.StylePage
335;__Packages.com.rockstargames.gtav.web.dynasty8ExecutiveRealty.Slideshow
336;__Packages.com.rockstargames.gtav.web.dynasty8ExecutiveRealty.ImageManager
337;__Packages.com.rockstargames.gtav.web.dynasty8ExecutiveRealty.PersonnelPage
338;__Packages.com.rockstargames.gtav.web.dynasty8ExecutiveRealty.SignagePage
339;__Packages.com.rockstargames.ui.utils.HudColourLite
340;__Packages.com.rockstargames.ui.utils.HudColour
341;__Packages.com.rockstargames.gtav.web.dynasty8ExecutiveRealty.OrganisationNameColour
342;__Packages.com.rockstargames.ui.utils.Colour
343;__Packages.com.rockstargames.gtav.web.dynasty8ExecutiveRealty.GunLockerPage
344;__Packages.com.rockstargames.gtav.web.dynasty8ExecutiveRealty.VaultPage
345;__Packages.com.rockstargames.gtav.web.dynasty8ExecutiveRealty.BedPage
346;__Packages.com.rockstargames.gtav.web.dynasty8ExecutiveRealty.SummaryPage
347;__Packages.com.rockstargames.gtav.web.dynasty8ExecutiveRealty.PurchasePage
348;__Packages.com.rockstargames.gtav.web.dynasty8ExecutiveRealty.UnderConstructionPage
349;__Packages.com.rockstargames.gtav.web.dynasty8ExecutiveRealty.GaragePage
350;__Packages.com.rockstargames.gtav.web.dynasty8ExecutiveRealty.Garage1Page
351;__Packages.com.rockstargames.gtav.web.dynasty8ExecutiveRealty.Garage2Page
352;__Packages.com.rockstargames.gtav.web.dynasty8ExecutiveRealty.Garage3Page
353;__Packages.com.rockstargames.gtav.web.dynasty8ExecutiveRealty.ModShopPage
354;__Packages.com.rockstargames.gtav.web.WWW_DYNASTY8EXECUTIVEREALTY_COM
355;__Packages.com.rockstargames.gtav.levelDesign.BaseScriptUI
356;__Packages.com.rockstargames.gtav.web.WEB_BROWSER_PARENT
357;__Packages.com.rockstargames.ui.core.BrowserUIComponent
358;__Packages.com.rockstargames.gtav.web.BrowserKeyboard
359;__Packages.com.rockstargames.gtav.web.buttons.ButtonManager
360;__Packages.com.rockstargames.gtav.web.WEB_BROWSER
361;__Packages.com.rockstargames.gtav.web.DynamicSiteContants
362;__Packages.com.rockstargames.ui.utils.FitToTextfield
363;__Packages.com.rockstargames.gtav.constants.WebBrowserButtonLUT
364;__Packages.com.rockstargames.gtav.web.buttons.WebButton
365;__Packages.com.rockstargames.gtav.web.buttons.WebBrowserListItem
366;__Packages.com.rockstargames.ui.game.GameGlobals
367;__Packages.com.rockstargames.gtav.web.buttons.WebButtonAnchor
368;__Packages.com.rockstargames.gtav.web.buttons.WebButtonWWW
