1;rockstarLogo256
2;rgsc_ico
3;header_grad_2x64
4;GameType_Icons
5;busyring
6;GenericImageLoader
12;freemodeTitleItem
14;selectionHighlight
52;selectionPanelItem
54;-1635214638
56;-2006837758
58;RACE_AIR
60;RACE_WATER
62;RACE_BICYCLE
64;RACE_FOOT
66;RACE_LAND
68;VEHICLE_DEATHMATCH
70;BASE_JUMPING
72;GANG_ATTACK
74;TEAM_DEATHMATCH
76;SURVIVAL
78;RACE
80;DEATHMATCH
82;CUSTOM_MISSION
91;missiondetailsItem
98;PM_ScrollBase
130;mpFriendsListItem
133;busySpinner
135;mpFriendsList
137;panelGradient
140;verified
146;CONTENT
148;BOUNDING_BOX
150;__Packages.com.rockstargames.gtav.levelDesign.BaseScriptUI
151;__Packages.com.rockstargames.gtav.Multiplayer.MP_NEXT_JOB_SELECTION
152;__Packages.com.rockstargames.ui.utils.Colour
153;__Packages.com.rockstargames.ui.utils.HudColourLite
154;__Packages.com.rockstargames.ui.utils.HudColour
155;__Packages.com.rockstargames.ui.game.GameInterface
156;__Packages.com.rockstargames.ui.utils.Debug
157;__Packages.com.rockstargames.gtav.Multiplayer.MPNextJobSelectionItem
158;__Packages.com.rockstargames.gtav.Multiplayer.ROCKSTAR_VERIFIED
159;__Packages.com.rockstargames.ui.media.ImageLoaderMC
160;__Packages.com.rockstargames.ui.tweenStar.TweenStarLite
161;__Packages.com.rockstargames.ui.tweenStar.easing.Linear
162;__Packages.com.rockstargames.ui.tweenStar.easing.Quad
163;__Packages.com.rockstargames.ui.tweenStar.easing.Cubic
164;__Packages.com.rockstargames.ui.tweenStar.easing.Quart
165;__Packages.com.rockstargames.ui.tweenStar.easing.Sine
166;__Packages.com.rockstargames.ui.tweenStar.easing.Back
167;__Packages.com.rockstargames.ui.tweenStar.easing.Circ
168;__Packages.com.rockstargames.ui.tweenStar.Ease
169;__Packages.com.rockstargames.ui.tweenStar.TweenStarLiteRef
170;__Packages.com.rockstargames.ui.utils.UIText
171;__Packages.com.rockstargames.gtav.utils.GTAVUIUtils
172;__Packages.com.rockstargames.gtav.utils.GTAVUIConfig
173;__Packages.com.rockstargames.ui.components.GUIMenuItem
174;__Packages.com.rockstargames.gtav.pauseMenu.pauseMenuItems.PauseMenuBaseItem
175;__Packages.mx.utils.Delegate
176;__Packages.com.rockstargames.gtav.pauseMenu.pauseMenuItems.singleplayer.PauseMenuFreemodeDetailsItem
177;__Packages.com.rockstargames.gtav.pauseMenu.pauseMenuItems.singleplayer.PauseMenuFreemodeDetailsTitleItem
178;__Packages.com.rockstargames.gtav.pauseMenu.pauseComponents.PM_ScrollBase
179;__Packages.com.rockstargames.ui.components.IController
180;__Packages.com.rockstargames.ui.components.GUIController
181;__Packages.com.rockstargames.ui.components.GUIModel
182;__Packages.com.rockstargames.ui.components.GUIScroll
183;__Packages.com.rockstargames.ui.components.GUIView
184;__Packages.com.rockstargames.ui.game.GamePadConstants
185;__Packages.com.rockstargames.gtav.pauseMenu.pauseComponents.PauseMenuComponentBase
186;__Packages.com.rockstargames.gtav.pauseMenu.pauseMenuItems.singleplayer.PauseMenuTitleItem
187;__Packages.com.rockstargames.ui.utils.Text
188;__Packages.com.rockstargames.gtav.pauseMenu.pauseMenuItems.multiplayer.PauseMPMenuFriendsListItem
189;__Packages.com.rockstargames.gtav.pauseMenu.pauseMenuItems.PauseMenuViewBase
190;__Packages.com.rockstargames.gtav.pauseMenu.pauseMenuItems.multiplayer.PauseMPMenuFriendsListView
191;__Packages.com.rockstargames.gtav.pauseMenu.pauseMenuItems.multiplayer.PauseMPMenuNextJobListItem
192;__Packages.com.rockstargames.gtav.pauseMenu.pauseComponents.PAUSE_MP_MENU_FRIENDS_LIST
193;__Packages.com.rockstargames.gtav.pauseMenu.pauseMenuItems.multiplayer.PauseMPMenuFriendsListModel
194;__Packages.com.rockstargames.gtav.constants.MPIconLabels
1;rockstarLogo256
2;rgsc_ico
3;header_grad_2x64
4;GameType_Icons
5;busyring
6;GenericImageLoader
12;freemodeTitleItem
14;selectionHighlight
52;selectionPanelItem
54;-1635214638
56;-2006837758
58;RACE_AIR
60;RACE_WATER
62;RACE_BICYCLE
64;RACE_FOOT
66;RACE_LAND
68;VEHICLE_DEATHMATCH
70;BASE_JUMPING
72;GANG_ATTACK
74;TEAM_DEATHMATCH
76;SURVIVAL
78;RACE
80;DEATHMATCH
82;CUSTOM_MISSION
91;missiondetailsItem
98;PM_ScrollBase
130;mpFriendsListItem
133;busySpinner
135;mpFriendsList
137;panelGradient
140;verified
146;CONTENT
148;BOUNDING_BOX
150;__Packages.com.rockstargames.gtav.levelDesign.BaseScriptUI
151;__Packages.com.rockstargames.gtav.Multiplayer.MP_NEXT_JOB_SELECTION
152;__Packages.com.rockstargames.ui.utils.Colour
153;__Packages.com.rockstargames.ui.utils.HudColourLite
154;__Packages.com.rockstargames.ui.utils.HudColour
155;__Packages.com.rockstargames.ui.game.GameInterface
156;__Packages.com.rockstargames.ui.utils.Debug
157;__Packages.com.rockstargames.gtav.Multiplayer.MPNextJobSelectionItem
158;__Packages.com.rockstargames.gtav.Multiplayer.ROCKSTAR_VERIFIED
159;__Packages.com.rockstargames.ui.media.ImageLoaderMC
160;__Packages.com.rockstargames.ui.tweenStar.TweenStarLite
161;__Packages.com.rockstargames.ui.tweenStar.easing.Linear
162;__Packages.com.rockstargames.ui.tweenStar.easing.Quad
163;__Packages.com.rockstargames.ui.tweenStar.easing.Cubic
164;__Packages.com.rockstargames.ui.tweenStar.easing.Quart
165;__Packages.com.rockstargames.ui.tweenStar.easing.Sine
166;__Packages.com.rockstargames.ui.tweenStar.easing.Back
167;__Packages.com.rockstargames.ui.tweenStar.easing.Circ
168;__Packages.com.rockstargames.ui.tweenStar.Ease
169;__Packages.com.rockstargames.ui.tweenStar.TweenStarLiteRef
170;__Packages.com.rockstargames.ui.utils.UIText
171;__Packages.com.rockstargames.gtav.utils.GTAVUIUtils
172;__Packages.com.rockstargames.gtav.utils.GTAVUIConfig
173;__Packages.com.rockstargames.ui.components.GUIMenuItem
174;__Packages.com.rockstargames.gtav.pauseMenu.pauseMenuItems.PauseMenuBaseItem
175;__Packages.mx.utils.Delegate
176;__Packages.com.rockstargames.gtav.pauseMenu.pauseMenuItems.singleplayer.PauseMenuFreemodeDetailsItem
177;__Packages.com.rockstargames.gtav.pauseMenu.pauseMenuItems.singleplayer.PauseMenuFreemodeDetailsTitleItem
178;__Packages.com.rockstargames.gtav.pauseMenu.pauseComponents.PM_ScrollBase
179;__Packages.com.rockstargames.ui.components.IController
180;__Packages.com.rockstargames.ui.components.GUIController
181;__Packages.com.rockstargames.ui.components.GUIModel
182;__Packages.com.rockstargames.ui.components.GUIScroll
183;__Packages.com.rockstargames.ui.components.GUIView
184;__Packages.com.rockstargames.ui.game.GamePadConstants
185;__Packages.com.rockstargames.gtav.pauseMenu.pauseComponents.PauseMenuComponentBase
186;__Packages.com.rockstargames.gtav.pauseMenu.pauseMenuItems.singleplayer.PauseMenuTitleItem
187;__Packages.com.rockstargames.ui.utils.Text
188;__Packages.com.rockstargames.gtav.pauseMenu.pauseMenuItems.multiplayer.PauseMPMenuFriendsListItem
189;__Packages.com.rockstargames.gtav.pauseMenu.pauseMenuItems.PauseMenuViewBase
190;__Packages.com.rockstargames.gtav.pauseMenu.pauseMenuItems.multiplayer.PauseMPMenuFriendsListView
191;__Packages.com.rockstargames.gtav.pauseMenu.pauseMenuItems.multiplayer.PauseMPMenuNextJobListItem
192;__Packages.com.rockstargames.gtav.pauseMenu.pauseComponents.PAUSE_MP_MENU_FRIENDS_LIST
193;__Packages.com.rockstargames.gtav.pauseMenu.pauseMenuItems.multiplayer.PauseMPMenuFriendsListModel
194;__Packages.com.rockstargames.gtav.constants.MPIconLabels
