1;warstock_truck_bg
2;warstock_truck
3;warstock_texture_2
4;warstock_texture_1
5;warstock_pattern_2
6;warstock_pattern_1
8;BOUNDING_BOX
28;truckBuyButton
49;progressPanelStepButton
64;truckPopupOkButton
66;truckPopupCancelButton
82;sortButton
86;dropDownHeader
91;homeButton
94;subHeader
108;colourButton
124;liveryButton
157;flagButton
171;purchaseButton
181;purchaseButtonDoubleHeight
208;truckDropDownHeader
232;truckColourButton
255;truckSummaryBuyButton
264;CONTENT
267;truckDropDownItem
281;truckBanner
305;vehicleButton
307;dropDownItem
308;__Packages.com.rockstargames.ui.core.BaseWebsite
309;__Packages.com.rockstargames.gtav.web.vehicleSites.VehicleWebsite
310;__Packages.com.rockstargames.gtav.web.vehicleSites.DropDown
311;__Packages.com.rockstargames.ui.game.GameInterface
312;__Packages.com.rockstargames.ui.tweenStar.TweenStarLite
313;__Packages.com.rockstargames.ui.tweenStar.easing.Linear
314;__Packages.com.rockstargames.ui.tweenStar.easing.Quad
315;__Packages.com.rockstargames.ui.tweenStar.easing.Cubic
316;__Packages.com.rockstargames.ui.tweenStar.easing.Quart
317;__Packages.com.rockstargames.ui.tweenStar.easing.Sine
318;__Packages.com.rockstargames.ui.tweenStar.easing.Back
319;__Packages.com.rockstargames.ui.tweenStar.easing.Circ
320;__Packages.com.rockstargames.ui.tweenStar.Ease
321;__Packages.com.rockstargames.ui.tweenStar.TweenStarLiteRef
322;__Packages.com.rockstargames.ui.utils.Colour
323;__Packages.com.rockstargames.ui.utils.HudColourLite
324;__Packages.com.rockstargames.ui.utils.HudColour
325;__Packages.com.rockstargames.gtav.web.WWW_WARSTOCK_D_CACHE_D_AND_D_CARRY_COM
326;__Packages.com.rockstargames.gtav.web.warstock.TruckPage
327;__Packages.com.rockstargames.gtav.web.warstock.TruckProgressPanel
328;__Packages.com.rockstargames.gtav.web.warstock.TruckPopup
329;__Packages.com.rockstargames.gtav.web.warstock.ImageManager
330;__Packages.com.rockstargames.ui.utils.DisplayConfig
331;__Packages.com.rockstargames.gtav.web.warstock.Slideshow
332;__Packages.com.rockstargames.gtav.web.warstock.TruckCabPage
333;__Packages.com.rockstargames.gtav.web.warstock.TruckModule1Page
334;__Packages.com.rockstargames.gtav.web.warstock.TruckModule2Page
335;__Packages.com.rockstargames.gtav.web.warstock.TruckModule3Page
336;__Packages.com.rockstargames.gtav.web.warstock.TruckColourPage
337;__Packages.com.rockstargames.gtav.web.warstock.TruckSummaryPage
338;__Packages.com.rockstargames.gtav.web.warstock.TruckPurchasePendingPage
339;__Packages.com.rockstargames.gtav.web.warstock.TruckPurchaseFailedPage
340;__Packages.com.rockstargames.gtav.web.warstock.TruckPurchaseSuccessPage
341;__Packages.com.rockstargames.ui.game.GameGlobals
342;__Packages.com.rockstargames.ui.utils.Debug
343;__Packages.com.rockstargames.gtav.web.buttons.WebButton
344;__Packages.com.rockstargames.gtav.web.buttons.WebButtonWWW
345;__Packages.com.rockstargames.gtav.constants.WebBrowserButtonLUT
346;__Packages.com.rockstargames.gtav.web.buttons.WebButtonAnchor
1;warstock_truck_bg
2;warstock_truck
3;warstock_texture_2
4;warstock_texture_1
5;warstock_pattern_2
6;warstock_pattern_1
8;BOUNDING_BOX
28;truckBuyButton
49;progressPanelStepButton
64;truckPopupOkButton
66;truckPopupCancelButton
82;sortButton
86;dropDownHeader
91;homeButton
94;subHeader
108;colourButton
124;liveryButton
157;flagButton
171;purchaseButton
181;purchaseButtonDoubleHeight
208;truckDropDownHeader
232;truckColourButton
255;truckSummaryBuyButton
264;CONTENT
267;truckDropDownItem
281;truckBanner
305;vehicleButton
307;dropDownItem
308;__Packages.com.rockstargames.ui.core.BaseWebsite
309;__Packages.com.rockstargames.gtav.web.vehicleSites.VehicleWebsite
310;__Packages.com.rockstargames.gtav.web.vehicleSites.DropDown
311;__Packages.com.rockstargames.ui.game.GameInterface
312;__Packages.com.rockstargames.ui.tweenStar.TweenStarLite
313;__Packages.com.rockstargames.ui.tweenStar.easing.Linear
314;__Packages.com.rockstargames.ui.tweenStar.easing.Quad
315;__Packages.com.rockstargames.ui.tweenStar.easing.Cubic
316;__Packages.com.rockstargames.ui.tweenStar.easing.Quart
317;__Packages.com.rockstargames.ui.tweenStar.easing.Sine
318;__Packages.com.rockstargames.ui.tweenStar.easing.Back
319;__Packages.com.rockstargames.ui.tweenStar.easing.Circ
320;__Packages.com.rockstargames.ui.tweenStar.Ease
321;__Packages.com.rockstargames.ui.tweenStar.TweenStarLiteRef
322;__Packages.com.rockstargames.ui.utils.Colour
323;__Packages.com.rockstargames.ui.utils.HudColourLite
324;__Packages.com.rockstargames.ui.utils.HudColour
325;__Packages.com.rockstargames.gtav.web.WWW_WARSTOCK_D_CACHE_D_AND_D_CARRY_COM
326;__Packages.com.rockstargames.gtav.web.warstock.TruckPage
327;__Packages.com.rockstargames.gtav.web.warstock.TruckProgressPanel
328;__Packages.com.rockstargames.gtav.web.warstock.TruckPopup
329;__Packages.com.rockstargames.gtav.web.warstock.ImageManager
330;__Packages.com.rockstargames.ui.utils.DisplayConfig
331;__Packages.com.rockstargames.gtav.web.warstock.Slideshow
332;__Packages.com.rockstargames.gtav.web.warstock.TruckCabPage
333;__Packages.com.rockstargames.gtav.web.warstock.TruckModule1Page
334;__Packages.com.rockstargames.gtav.web.warstock.TruckModule2Page
335;__Packages.com.rockstargames.gtav.web.warstock.TruckModule3Page
336;__Packages.com.rockstargames.gtav.web.warstock.TruckColourPage
337;__Packages.com.rockstargames.gtav.web.warstock.TruckSummaryPage
338;__Packages.com.rockstargames.gtav.web.warstock.TruckPurchasePendingPage
339;__Packages.com.rockstargames.gtav.web.warstock.TruckPurchaseFailedPage
340;__Packages.com.rockstargames.gtav.web.warstock.TruckPurchaseSuccessPage
341;__Packages.com.rockstargames.ui.game.GameGlobals
342;__Packages.com.rockstargames.ui.utils.Debug
343;__Packages.com.rockstargames.gtav.web.buttons.WebButton
344;__Packages.com.rockstargames.gtav.web.buttons.WebButtonWWW
345;__Packages.com.rockstargames.gtav.constants.WebBrowserButtonLUT
346;__Packages.com.rockstargames.gtav.web.buttons.WebButtonAnchor
