2;scrubber
3;gutter
5;radar_cash
10;jobList-IFRUIT
13;jobList-FACADE
16;jobList-BADGER
19;__Packages.com.rockstargames.gtav.cellphone.apps.APP_ScrollingList
20;__Packages.com.rockstargames.ui.controls.ScrollBar
21;__Packages.com.rockstargames.ui.tweenStar.TweenStarLite
22;__Packages.com.rockstargames.ui.tweenStar.easing.Linear
23;__Packages.com.rockstargames.ui.tweenStar.easing.Quad
24;__Packages.com.rockstargames.ui.tweenStar.easing.Cubic
25;__Packages.com.rockstargames.ui.tweenStar.easing.Quart
26;__Packages.com.rockstargames.ui.tweenStar.easing.Sine
27;__Packages.com.rockstargames.ui.tweenStar.easing.Back
28;__Packages.com.rockstargames.ui.tweenStar.easing.Circ
29;__Packages.com.rockstargames.ui.tweenStar.Ease
30;__Packages.com.rockstargames.ui.tweenStar.TweenStarLiteRef
31;__Packages.com.rockstargames.ui.game.GameInterface
32;__Packages.com.rockstargames.ui.utils.Colour
33;__Packages.com.rockstargames.ui.utils.HudColourLite
34;__Packages.com.rockstargames.ui.utils.HudColour
35;__Packages.com.rockstargames.gtav.cellphone.apps.APP_JOB_LIST
36;__Packages.com.rockstargames.ui.utils.FitToTextfield
37;__Packages.com.rockstargames.ui.utils.Text
2;scrubber
3;gutter
5;radar_cash
10;jobList-IFRUIT
13;jobList-FACADE
16;jobList-BADGER
19;__Packages.com.rockstargames.gtav.cellphone.apps.APP_ScrollingList
20;__Packages.com.rockstargames.ui.controls.ScrollBar
21;__Packages.com.rockstargames.ui.tweenStar.TweenStarLite
22;__Packages.com.rockstargames.ui.tweenStar.easing.Linear
23;__Packages.com.rockstargames.ui.tweenStar.easing.Quad
24;__Packages.com.rockstargames.ui.tweenStar.easing.Cubic
25;__Packages.com.rockstargames.ui.tweenStar.easing.Quart
26;__Packages.com.rockstargames.ui.tweenStar.easing.Sine
27;__Packages.com.rockstargames.ui.tweenStar.easing.Back
28;__Packages.com.rockstargames.ui.tweenStar.easing.Circ
29;__Packages.com.rockstargames.ui.tweenStar.Ease
30;__Packages.com.rockstargames.ui.tweenStar.TweenStarLiteRef
31;__Packages.com.rockstargames.ui.game.GameInterface
32;__Packages.com.rockstargames.ui.utils.Colour
33;__Packages.com.rockstargames.ui.utils.HudColourLite
34;__Packages.com.rockstargames.ui.utils.HudColour
35;__Packages.com.rockstargames.gtav.cellphone.apps.APP_JOB_LIST
36;__Packages.com.rockstargames.ui.utils.FitToTextfield
37;__Packages.com.rockstargames.ui.utils.Text
