1;raceinfogradient
6;IMPORTS
7;uiTextField
9;CO_DRIVER
11;DRIVER
17;playerInfoItem
18;playerInfo
20;TIME
22;GLOBE
32;freemodeMap
34;textBG
42;mpMMVehicleInfo
46;mpMMCardTitle
48;SPECTATOR
75;mpMMCardItem
76;avatarImage
77;mpMMCard
78;__Packages.com.rockstargames.gtav.pauseMenuPages.PAUSE_MENU_PAGES_CORONA_RACE
79;__Packages.com.rockstargames.gtav.pauseMenu.pauseComponents.PAUSE_MENU_FREE_MODE
80;__Packages.com.rockstargames.gtav.pauseMenu.pauseMenuItems.singleplayer.PauseMenuFreemodeItem
81;__Packages.com.rockstargames.gtav.pauseMenu.pauseMenuItems.PauseMenuColourBar
82;__Packages.com.rockstargames.gtav.utils.GTAVUIUtils
83;__Packages.com.rockstargames.gtav.utils.GTAVUIConfig
84;__Packages.com.rockstargames.gtav.pauseMenu.pauseMenuItems.singleplayer.PauseMenuFreemodeModel
85;__Packages.com.rockstargames.gtav.pauseMenu.pauseMenuItems.PauseMenuViewBase
86;__Packages.com.rockstargames.gtav.pauseMenu.pauseMenuItems.singleplayer.PauseMenuFreemodeView
87;__Packages.com.rockstargames.gtav.pauseMenu.pauseComponents.MP_CORONA_PLAYER_INFO
88;__Packages.com.rockstargames.gtav.pauseMenu.pauseMenuItems.multiplayer.PauseMPMenuCoronaPlayerInfoModel
89;__Packages.com.rockstargames.gtav.pauseMenu.pauseMenuItems.multiplayer.PauseMPMenuCoronaPlayerInfoView
90;__Packages.com.rockstargames.gtav.pauseMenu.pauseMenuItems.multiplayer.PauseMPMenuCoronaPlayerInfoItem
91;__Packages.com.rockstargames.ui.components.UITextField
92;__Packages.com.rockstargames.gtav.constants.MPIconLabels
93;__Packages.com.rockstargames.ui.components.IController
94;__Packages.com.rockstargames.ui.components.GUIScroll
95;__Packages.com.rockstargames.ui.utils.HudColourLite
96;__Packages.mx.utils.Delegate
97;__Packages.com.rockstargames.ui.tweenStar.easing.Linear
98;__Packages.com.rockstargames.ui.tweenStar.easing.Quad
99;__Packages.com.rockstargames.ui.tweenStar.easing.Cubic
100;__Packages.com.rockstargames.ui.tweenStar.easing.Quart
101;__Packages.com.rockstargames.ui.tweenStar.easing.Sine
102;__Packages.com.rockstargames.ui.tweenStar.easing.Back
103;__Packages.com.rockstargames.ui.tweenStar.easing.Circ
104;__Packages.com.rockstargames.gtav.pauseMenu.pauseComponents.PAUSE_MENU_FREEMODE_MAP
105;__Packages.com.rockstargames.gtav.pauseMenu.pauseComponents.MP_MATCHMAKING_VEHICLE_INFO
106;__Packages.com.rockstargames.gtav.pauseMenu.pauseMenuItems.multiplayer.PauseMPMenuMatchmakingCardItem
107;__Packages.com.rockstargames.gtav.pauseMenu.pauseComponents.MP_MATCHMAKING_CARD
108;__Packages.com.rockstargames.gtav.pauseMenu.pauseMenuItems.multiplayer.PauseMPMenuMatchmakingCardModel
109;__Packages.com.rockstargames.gtav.pauseMenu.pauseMenuItems.multiplayer.PauseMPMenuMatchmakingCardView
110;__Packages.com.rockstargames.ui.utils.Localisation
1;raceinfogradient
6;IMPORTS
7;uiTextField
9;CO_DRIVER
11;DRIVER
17;playerInfoItem
18;playerInfo
20;TIME
22;GLOBE
32;freemodeMap
34;textBG
42;mpMMVehicleInfo
46;mpMMCardTitle
48;SPECTATOR
75;mpMMCardItem
76;avatarImage
77;mpMMCard
78;__Packages.com.rockstargames.gtav.pauseMenuPages.PAUSE_MENU_PAGES_CORONA_RACE
79;__Packages.com.rockstargames.gtav.pauseMenu.pauseComponents.PAUSE_MENU_FREE_MODE
80;__Packages.com.rockstargames.gtav.pauseMenu.pauseMenuItems.singleplayer.PauseMenuFreemodeItem
81;__Packages.com.rockstargames.gtav.pauseMenu.pauseMenuItems.PauseMenuColourBar
82;__Packages.com.rockstargames.gtav.utils.GTAVUIUtils
83;__Packages.com.rockstargames.gtav.utils.GTAVUIConfig
84;__Packages.com.rockstargames.gtav.pauseMenu.pauseMenuItems.singleplayer.PauseMenuFreemodeModel
85;__Packages.com.rockstargames.gtav.pauseMenu.pauseMenuItems.PauseMenuViewBase
86;__Packages.com.rockstargames.gtav.pauseMenu.pauseMenuItems.singleplayer.PauseMenuFreemodeView
87;__Packages.com.rockstargames.gtav.pauseMenu.pauseComponents.MP_CORONA_PLAYER_INFO
88;__Packages.com.rockstargames.gtav.pauseMenu.pauseMenuItems.multiplayer.PauseMPMenuCoronaPlayerInfoModel
89;__Packages.com.rockstargames.gtav.pauseMenu.pauseMenuItems.multiplayer.PauseMPMenuCoronaPlayerInfoView
90;__Packages.com.rockstargames.gtav.pauseMenu.pauseMenuItems.multiplayer.PauseMPMenuCoronaPlayerInfoItem
91;__Packages.com.rockstargames.ui.components.UITextField
92;__Packages.com.rockstargames.gtav.constants.MPIconLabels
93;__Packages.com.rockstargames.ui.components.IController
94;__Packages.com.rockstargames.ui.components.GUIScroll
95;__Packages.com.rockstargames.ui.utils.HudColourLite
96;__Packages.mx.utils.Delegate
97;__Packages.com.rockstargames.ui.tweenStar.easing.Linear
98;__Packages.com.rockstargames.ui.tweenStar.easing.Quad
99;__Packages.com.rockstargames.ui.tweenStar.easing.Cubic
100;__Packages.com.rockstargames.ui.tweenStar.easing.Quart
101;__Packages.com.rockstargames.ui.tweenStar.easing.Sine
102;__Packages.com.rockstargames.ui.tweenStar.easing.Back
103;__Packages.com.rockstargames.ui.tweenStar.easing.Circ
104;__Packages.com.rockstargames.gtav.pauseMenu.pauseComponents.PAUSE_MENU_FREEMODE_MAP
105;__Packages.com.rockstargames.gtav.pauseMenu.pauseComponents.MP_MATCHMAKING_VEHICLE_INFO
106;__Packages.com.rockstargames.gtav.pauseMenu.pauseMenuItems.multiplayer.PauseMPMenuMatchmakingCardItem
107;__Packages.com.rockstargames.gtav.pauseMenu.pauseComponents.MP_MATCHMAKING_CARD
108;__Packages.com.rockstargames.gtav.pauseMenu.pauseMenuItems.multiplayer.PauseMPMenuMatchmakingCardModel
109;__Packages.com.rockstargames.gtav.pauseMenu.pauseMenuItems.multiplayer.PauseMPMenuMatchmakingCardView
110;__Packages.com.rockstargames.ui.utils.Localisation
