128;__Packages.com.rockstargames.gtav.cellphone.apps.APP_SECUROSERV_HACKING
129;__Packages.com.rockstargames.ui.tweenStar.TweenStarLite
130;__Packages.com.rockstargames.ui.tweenStar.easing.Linear
131;__Packages.com.rockstargames.ui.tweenStar.easing.Quad
132;__Packages.com.rockstargames.ui.tweenStar.easing.Cubic
133;__Packages.com.rockstargames.ui.tweenStar.easing.Quart
134;__Packages.com.rockstargames.ui.tweenStar.easing.Sine
135;__Packages.com.rockstargames.ui.tweenStar.easing.Back
136;__Packages.com.rockstargames.ui.tweenStar.easing.Circ
137;__Packages.com.rockstargames.ui.tweenStar.Ease
138;__Packages.com.rockstargames.ui.tweenStar.TweenStarLiteRef
139;__Packages.com.rockstargames.ui.game.GameInterface
128;__Packages.com.rockstargames.gtav.cellphone.apps.APP_SECUROSERV_HACKING
129;__Packages.com.rockstargames.ui.tweenStar.TweenStarLite
130;__Packages.com.rockstargames.ui.tweenStar.easing.Linear
131;__Packages.com.rockstargames.ui.tweenStar.easing.Quad
132;__Packages.com.rockstargames.ui.tweenStar.easing.Cubic
133;__Packages.com.rockstargames.ui.tweenStar.easing.Quart
134;__Packages.com.rockstargames.ui.tweenStar.easing.Sine
135;__Packages.com.rockstargames.ui.tweenStar.easing.Back
136;__Packages.com.rockstargames.ui.tweenStar.easing.Circ
137;__Packages.com.rockstargames.ui.tweenStar.Ease
138;__Packages.com.rockstargames.ui.tweenStar.TweenStarLiteRef
139;__Packages.com.rockstargames.ui.game.GameInterface
