1;lsc_texture_7
2;lsc_texture_6
3;lsc_texture_5
4;lsc_texture_4
5;lsc_texture_3
6;lsc_texture_2
7;lsc_texture_1
9;BOUNDING_BOX
29;homePageButton
42;videoButton
46;polaroid
52;topMenuButton
59;showroomButton
68;subHeader
75;sortButton
79;dropDownHeader
86;setWaypointButton
110;vehicleWipe
142;purchaseButton
150;colourButton
162;liveryButton
183;CONTENT
201;vehicleButton
204;showroomThumbnail
206;polaroidShadow
208;homeButton
210;dropDownItem
211;__Packages.com.rockstargames.ui.core.BaseWebsite
212;__Packages.com.rockstargames.gtav.web.vehicleSites.VehicleWebsite
213;__Packages.com.rockstargames.gtav.web.vehicleSites.DropDown
214;__Packages.com.rockstargames.ui.game.GameInterface
215;__Packages.com.rockstargames.ui.tweenStar.TweenStarLite
216;__Packages.com.rockstargames.ui.tweenStar.easing.Linear
217;__Packages.com.rockstargames.ui.tweenStar.easing.Quad
218;__Packages.com.rockstargames.ui.tweenStar.easing.Cubic
219;__Packages.com.rockstargames.ui.tweenStar.easing.Quart
220;__Packages.com.rockstargames.ui.tweenStar.easing.Sine
221;__Packages.com.rockstargames.ui.tweenStar.easing.Back
222;__Packages.com.rockstargames.ui.tweenStar.easing.Circ
223;__Packages.com.rockstargames.ui.tweenStar.Ease
224;__Packages.com.rockstargames.ui.tweenStar.TweenStarLiteRef
225;__Packages.com.rockstargames.ui.utils.Colour
226;__Packages.com.rockstargames.ui.utils.HudColourLite
227;__Packages.com.rockstargames.ui.utils.HudColour
228;__Packages.com.rockstargames.gtav.web.WWW_BENNYSORIGINALMOTORWORKS_COM
229;__Packages.com.rockstargames.ui.utils.DisplayConfig
230;__Packages.com.rockstargames.gtav.web.buttons.WebButton
231;__Packages.com.rockstargames.gtav.web.buttons.WebButtonAnchor
232;__Packages.com.rockstargames.gtav.web.buttons.WebButtonMinus
233;__Packages.com.rockstargames.gtav.constants.WebBrowserButtonLUT
234;__Packages.com.rockstargames.gtav.web.buttons.WebButtonWWW
1;lsc_texture_7
2;lsc_texture_6
3;lsc_texture_5
4;lsc_texture_4
5;lsc_texture_3
6;lsc_texture_2
7;lsc_texture_1
9;BOUNDING_BOX
29;homePageButton
42;videoButton
46;polaroid
52;topMenuButton
59;showroomButton
68;subHeader
75;sortButton
79;dropDownHeader
86;setWaypointButton
110;vehicleWipe
142;purchaseButton
150;colourButton
162;liveryButton
183;CONTENT
201;vehicleButton
204;showroomThumbnail
206;polaroidShadow
208;homeButton
210;dropDownItem
211;__Packages.com.rockstargames.ui.core.BaseWebsite
212;__Packages.com.rockstargames.gtav.web.vehicleSites.VehicleWebsite
213;__Packages.com.rockstargames.gtav.web.vehicleSites.DropDown
214;__Packages.com.rockstargames.ui.game.GameInterface
215;__Packages.com.rockstargames.ui.tweenStar.TweenStarLite
216;__Packages.com.rockstargames.ui.tweenStar.easing.Linear
217;__Packages.com.rockstargames.ui.tweenStar.easing.Quad
218;__Packages.com.rockstargames.ui.tweenStar.easing.Cubic
219;__Packages.com.rockstargames.ui.tweenStar.easing.Quart
220;__Packages.com.rockstargames.ui.tweenStar.easing.Sine
221;__Packages.com.rockstargames.ui.tweenStar.easing.Back
222;__Packages.com.rockstargames.ui.tweenStar.easing.Circ
223;__Packages.com.rockstargames.ui.tweenStar.Ease
224;__Packages.com.rockstargames.ui.tweenStar.TweenStarLiteRef
225;__Packages.com.rockstargames.ui.utils.Colour
226;__Packages.com.rockstargames.ui.utils.HudColourLite
227;__Packages.com.rockstargames.ui.utils.HudColour
228;__Packages.com.rockstargames.gtav.web.WWW_BENNYSORIGINALMOTORWORKS_COM
229;__Packages.com.rockstargames.ui.utils.DisplayConfig
230;__Packages.com.rockstargames.gtav.web.buttons.WebButton
231;__Packages.com.rockstargames.gtav.web.buttons.WebButtonAnchor
232;__Packages.com.rockstargames.gtav.web.buttons.WebButtonMinus
233;__Packages.com.rockstargames.gtav.constants.WebBrowserButtonLUT
234;__Packages.com.rockstargames.gtav.web.buttons.WebButtonWWW
